Suite/Test/Step Name,Browser,Description,Start time,End time,Duration,Status
FrameworkSuite,Chrome 67.0.3396.87,,2018-06-15 18:19:59,2018-06-15 18:20:08,8.997s,ERROR
,,,,,,
Test Cases/Framework/Framing,Chrome 67.0.3396.87,,2018-06-15 18:19:59,2018-06-15 18:20:08,8.596s,ERROR
openBrowser,Chrome 67.0.3396.87,,2018-06-15 18:20:00,2018-06-15 18:20:04,3.587s,PASSED
Statement - loginData = com.kms.katalon.core.testdata.TestDataFactory.findTestData(Data Files/Framework/Configuration),Chrome 67.0.3396.87,Getting the Login sheet Data from Data files,2018-06-15 18:20:04,2018-06-15 18:20:05,0.986s,PASSED
"Statement - url = loginData.getValue(""URL"", 1)",Chrome 67.0.3396.87,Getting the Url Data from Testcase sheet,2018-06-15 18:20:05,2018-06-15 18:20:05,0.029s,PASSED
navigateToUrl,Chrome 67.0.3396.87,Navigate the URL,2018-06-15 18:20:05,2018-06-15 18:20:05,0.354s,PASSED
Statement - driver = com.kms.katalon.core.webui.driver.DriverFactory.getWebDriver(),Chrome 67.0.3396.87,,2018-06-15 18:20:05,2018-06-15 18:20:05,0.011s,PASSED
Statement - Configuration = com.kms.katalon.core.testdata.TestDataFactory.findTestData(Data Files/Framework/Configuration),Chrome 67.0.3396.87,Getting the Configuration sheet Data from Data files,2018-06-15 18:20:05,2018-06-15 18:20:05,0.127s,PASSED
Statement - Testcases = com.kms.katalon.core.testdata.TestDataFactory.findTestData(Data Files/Framework/TestCase),Chrome 67.0.3396.87,Getting the Testcase sheet Data from Data files,2018-06-15 18:20:05,2018-06-15 18:20:05,0.131s,PASSED
Statement - Testcaseindex = 1,Chrome 67.0.3396.87,,2018-06-15 18:20:05,2018-06-15 18:20:05,0.001s,PASSED
"Statement - endPoint = ""Start""",Chrome 67.0.3396.87,,2018-06-15 18:20:05,2018-06-15 18:20:05,0.001s,PASSED
Statement - moduleName = <not implemented yet for class: org.codehaus.groovy.ast.expr.EmptyExpression>,Chrome 67.0.3396.87,,2018-06-15 18:20:05,2018-06-15 18:20:05,0.002s,PASSED
Statement - getTestColumn = new java.util.ArrayList(),Chrome 67.0.3396.87,,2018-06-15 18:20:05,2018-06-15 18:20:05,0.002s,PASSED
Statement - getSplitData = new java.util.ArrayList(),Chrome 67.0.3396.87,,2018-06-15 18:20:05,2018-06-15 18:20:05,0.001s,PASSED
"Statement - For ([getConfigData = 1, getConfigData <= Configuration.getRowNumbers(), (getConfigData++)])",Chrome 67.0.3396.87,Looping for N- no.of input from Configuration sheet,2018-06-15 18:20:05,2018-06-15 18:20:08,2.240s,ERROR
