{"devicePlatform":"","logFolder":"E:\\Rajesh\\Appium\\vishnu\\LAstUpdteBK\\Reports\\FrameworkSuite\\20180615_181952","runData":{"hostName":"Rajesh.V - angler109.angleritech.com","os":"Windows 10 64bit","katalonVersion":"5.3.1.1","browser":"Chrome 67.0.3396.87","hostAddress":"192.168.219.2","sessionId":"de58e5a5932cf9e4a8bd426b1fda0ddd","seleniumVersion":"3.7.1","proxyInformation":"ProxyInformation{proxyOption\u003dNO_PROXY, proxyServerType\u003dHTTP, password\u003d, proxyServerAddress\u003d, proxyServerPort\u003d0}","platform":"Windows 10"},"type":"TEST_SUITE","name":"FrameworkSuite","id":"Test Suites/FrameworkSuite","source":"","message":"Test Cases/Framework/Framing FAILED because (of) org.codehaus.groovy.runtime.InvokerInvocationException: java.io.FileNotFoundException: E:\\Rajesh\\Appium\\vishnu\\LAstUpdteBK\\Frame.xlsx (The process cannot access the file because it is being used by another process)","description":"","startTime":1529066999148,"endTime":1529067008145,"childRecords":[{"isOptional":false,"type":"TEST_CASE","name":"Test Cases/Framework/Framing","id":"Test Cases/Framework/Framing","source":"E:\\\\Rajesh\\\\Appium\\\\vishnu\\\\LAstUpdteBK\\\\Test Cases\\\\Framework\\\\Framing.tc","message":"Test Cases/Framework/Framing FAILED because (of) org.codehaus.groovy.runtime.InvokerInvocationException: java.io.FileNotFoundException: E:\\Rajesh\\Appium\\vishnu\\LAstUpdteBK\\Frame.xlsx (The process cannot access the file because it is being used by another process)","description":"","startTime":1529066999547,"endTime":1529067008143,"childRecords":[{"testStatus":{"stackTrace":"","statusValue":"INFO"},"type":"MESSAGE","name":"","message":"Evaluating variables for test case","startTime":1529066999780,"endTime":0,"childRecords":[],"interuppted":false},{"index":1,"isIgnoredIfFailed":false,"type":"TEST_STEP","name":"openBrowser","message":"Browser is opened with url: \u0027\u0027","description":"","startTime":1529067000655,"endTime":1529067004242,"childRecords":[{"testStatus":{"stackTrace":"","statusValue":"PASSED"},"type":"MESSAGE","name":"","message":"Browser is opened with url: \u0027\u0027","startTime":1529067004241,"endTime":0,"childRecords":[],"interuppted":false}],"interuppted":false},{"index":2,"isIgnoredIfFailed":false,"type":"TEST_STEP","name":"Statement - loginData \u003d com.kms.katalon.core.testdata.TestDataFactory.findTestData(Data Files/Framework/Configuration)","message":"Reading excel file with source file \u0027E:\\Rajesh\\Appium\\vishnu\\LAstUpdteBK\\Frame.xlsx\u0027 and sheet name \u0027Configuration\u0027","description":"Getting the Login sheet Data from Data files","startTime":1529067004242,"endTime":1529067005228,"childRecords":[],"interuppted":false},{"index":3,"isIgnoredIfFailed":false,"type":"TEST_STEP","name":"Statement - url \u003d loginData.getValue(\"URL\", 1)","description":"Getting the Url Data from Testcase sheet","startTime":1529067005228,"endTime":1529067005257,"childRecords":[],"interuppted":false},{"index":4,"isIgnoredIfFailed":false,"type":"TEST_STEP","name":"navigateToUrl","message":"Navigate to \u0027http://192.168.0.13/showtime_club/admin_live/index.php\u0027 successfully","description":"Navigate the URL","startTime":1529067005257,"endTime":1529067005611,"childRecords":[{"testStatus":{"stackTrace":"","statusValue":"PASSED"},"type":"MESSAGE","name":"","message":"Navigate to \u0027http://192.168.0.13/showtime_club/admin_live/index.php\u0027 successfully","startTime":1529067005610,"endTime":0,"childRecords":[],"interuppted":false}],"interuppted":false},{"index":5,"isIgnoredIfFailed":false,"type":"TEST_STEP","name":"Statement - driver \u003d com.kms.katalon.core.webui.driver.DriverFactory.getWebDriver()","description":"","startTime":1529067005611,"endTime":1529067005622,"childRecords":[],"interuppted":false},{"index":6,"isIgnoredIfFailed":false,"type":"TEST_STEP","name":"Statement - Configuration \u003d com.kms.katalon.core.testdata.TestDataFactory.findTestData(Data Files/Framework/Configuration)","message":"Reading excel file with source file \u0027E:\\Rajesh\\Appium\\vishnu\\LAstUpdteBK\\Frame.xlsx\u0027 and sheet name \u0027Configuration\u0027","description":"Getting the Configuration sheet Data from Data files","startTime":1529067005623,"endTime":1529067005750,"childRecords":[],"interuppted":false},{"index":7,"isIgnoredIfFailed":false,"type":"TEST_STEP","name":"Statement - Testcases \u003d com.kms.katalon.core.testdata.TestDataFactory.findTestData(Data Files/Framework/TestCase)","message":"Reading excel file with source file \u0027E:\\Rajesh\\Appium\\vishnu\\LAstUpdteBK\\Frame.xlsx\u0027 and sheet name \u0027Testcases\u0027","description":"Getting the Testcase sheet Data from Data files","startTime":1529067005752,"endTime":1529067005883,"childRecords":[],"interuppted":false},{"index":8,"isIgnoredIfFailed":false,"type":"TEST_STEP","name":"Statement - Testcaseindex \u003d 1","description":"","startTime":1529067005883,"endTime":1529067005884,"childRecords":[],"interuppted":false},{"index":9,"isIgnoredIfFailed":false,"type":"TEST_STEP","name":"Statement - endPoint \u003d \"Start\"","description":"","startTime":1529067005885,"endTime":1529067005886,"childRecords":[],"interuppted":false},{"index":10,"isIgnoredIfFailed":false,"type":"TEST_STEP","name":"Statement - moduleName \u003d \u003cnot implemented yet for class: org.codehaus.groovy.ast.expr.EmptyExpression\u003e","description":"","startTime":1529067005886,"endTime":1529067005888,"childRecords":[],"interuppted":false},{"index":11,"isIgnoredIfFailed":false,"type":"TEST_STEP","name":"Statement - getTestColumn \u003d new java.util.ArrayList()","description":"","startTime":1529067005888,"endTime":1529067005890,"childRecords":[],"interuppted":false},{"index":12,"isIgnoredIfFailed":false,"type":"TEST_STEP","name":"Statement - getSplitData \u003d new java.util.ArrayList()","description":"","startTime":1529067005890,"endTime":1529067005891,"childRecords":[],"interuppted":false},{"index":13,"isIgnoredIfFailed":false,"type":"TEST_STEP","name":"Statement - For ([getConfigData \u003d 1, getConfigData \u003c\u003d Configuration.getRowNumbers(), (getConfigData++)])","message":"java.io.FileNotFoundException: E:\\Rajesh\\Appium\\vishnu\\LAstUpdteBK\\Frame.xlsx (The process cannot access the file because it is being used by another process)","description":"Looping for N- no.of input from Configuration sheet","startTime":1529067005892,"endTime":1529067008132,"childRecords":[{"index":1,"isIgnoredIfFailed":false,"type":"TEST_STEP","name":"Statement - println(getConfigData:$getConfigData)","description":"","startTime":1529067005894,"endTime":1529067005913,"childRecords":[],"interuppted":false},{"index":2,"isIgnoredIfFailed":false,"type":"TEST_STEP","name":"Statement - scenarioData \u003d Configuration.getValue(\"Module_Name\", getConfigData)","description":"Getting the Module_Name Data from Configuration sheet","startTime":1529067005914,"endTime":1529067005916,"childRecords":[],"interuppted":false},{"index":3,"isIgnoredIfFailed":false,"type":"TEST_STEP","name":"Statement - println(scenarioData:$scenarioData)","description":"","startTime":1529067005917,"endTime":1529067005919,"childRecords":[],"interuppted":false},{"index":4,"isIgnoredIfFailed":false,"type":"TEST_STEP","name":"Statement - UserActionData \u003d Configuration.getValue(\"UserAction\", getConfigData)","description":"Getting the User Action Data from Configuration sheet","startTime":1529067005919,"endTime":1529067005920,"childRecords":[],"interuppted":false},{"index":5,"isIgnoredIfFailed":false,"type":"TEST_STEP","name":"Statement - println(UserActionData:$UserActionData)","description":"","startTime":1529067005921,"endTime":1529067005922,"childRecords":[],"interuppted":false},{"index":6,"isIgnoredIfFailed":false,"type":"TEST_STEP","name":"Statement - For ([Testcaseindex \u003d 1, Testcaseindex \u003c\u003d Testcases.getRowNumbers(), (Testcaseindex++)])","message":"java.io.FileNotFoundException: E:\\Rajesh\\Appium\\vishnu\\LAstUpdteBK\\Frame.xlsx (The process cannot access the file because it is being used by another process)","description":"Looping for N- no.of input from Testcase sheet","startTime":1529067005923,"endTime":1529067008132,"childRecords":[{"index":1,"isIgnoredIfFailed":false,"type":"TEST_STEP","name":"Statement - println(getConfigData_inside:$getConfigData)","description":"","startTime":1529067005924,"endTime":1529067005925,"childRecords":[],"interuppted":false},{"index":2,"isIgnoredIfFailed":false,"type":"TEST_STEP","name":"Statement - Scenario \u003d Testcases.getValue(\"Modules\", Testcaseindex)","description":"Getting the Modules Data from Testcase sheet","startTime":1529067005925,"endTime":1529067005928,"childRecords":[],"interuppted":false},{"index":3,"isIgnoredIfFailed":false,"type":"TEST_STEP","name":"Statement - If (!(empty))","message":"java.io.FileNotFoundException: E:\\Rajesh\\Appium\\vishnu\\LAstUpdteBK\\Frame.xlsx (The process cannot access the file because it is being used by another process)","description":"Condition for Module data field should not be empty","startTime":1529067005929,"endTime":1529067008132,"childRecords":[{"index":1,"isIgnoredIfFailed":false,"type":"TEST_STEP","name":"Statement - getTestColumn.addAll(Scenario)","description":"Push Module Data in the array--\u003egetTestColumn","startTime":1529067005931,"endTime":1529067005935,"childRecords":[],"interuppted":false},{"index":2,"isIgnoredIfFailed":false,"type":"TEST_STEP","name":"Statement - moduleName \u003d getTestColumn.get(getTestColumn.size() - 1)","description":"Getting last index of the array value","startTime":1529067005936,"endTime":1529067005943,"childRecords":[],"interuppted":false},{"index":3,"isIgnoredIfFailed":false,"type":"TEST_STEP","name":"Statement - println(TestcaseindexNumber:$Testcaseindex)","description":"","startTime":1529067005944,"endTime":1529067005945,"childRecords":[],"interuppted":false},{"index":4,"isIgnoredIfFailed":false,"type":"TEST_STEP","name":"Statement - println(columntest:$getTestColumn)","description":"","startTime":1529067005945,"endTime":1529067005946,"childRecords":[],"interuppted":false},{"index":5,"isIgnoredIfFailed":false,"type":"TEST_STEP","name":"Statement - println(testtest:$moduleName)","description":"","startTime":1529067005947,"endTime":1529067005947,"childRecords":[],"interuppted":false},{"index":6,"isIgnoredIfFailed":false,"type":"TEST_STEP","name":"Statement - UserAction \u003d Testcases.getValue(\"UserAction\", Testcaseindex)","description":"Getting the UserAction Data from Testcase sheet","startTime":1529067005947,"endTime":1529067005947,"childRecords":[],"interuppted":false},{"index":7,"isIgnoredIfFailed":false,"type":"TEST_STEP","name":"Statement - println(Scenario:$Scenario)","description":"","startTime":1529067005947,"endTime":1529067005951,"childRecords":[],"interuppted":false},{"index":8,"isIgnoredIfFailed":false,"type":"TEST_STEP","name":"Statement - println(UserAction:$UserAction)","description":"","startTime":1529067005954,"endTime":1529067005955,"childRecords":[],"interuppted":false},{"index":9,"isIgnoredIfFailed":false,"type":"TEST_STEP","name":"Statement - Try","message":"java.io.FileNotFoundException: E:\\Rajesh\\Appium\\vishnu\\LAstUpdteBK\\Frame.xlsx (The process cannot access the file because it is being used by another process)","description":"","startTime":1529067005955,"endTime":1529067007962,"childRecords":[{"index":1,"isIgnoredIfFailed":false,"type":"TEST_STEP","name":"Statement - If (scenarioData.equalsIgnoreCase(moduleName) \u0026\u0026 UserActionData.equalsIgnoreCase(UserAction))","message":"java.io.FileNotFoundException: E:\\Rajesh\\Appium\\vishnu\\LAstUpdteBK\\Frame.xlsx (The process cannot access the file because it is being used by another process)","description":"Condition for checking the Module Name and User Action are same in both Configuration and Testcase Sheets","startTime":1529067005957,"endTime":1529067007962,"childRecords":[{"index":1,"isIgnoredIfFailed":false,"type":"TEST_STEP","name":"Statement - DataLength \u003d 0","description":"","startTime":1529067005960,"endTime":1529067005962,"childRecords":[],"interuppted":false},{"index":2,"isIgnoredIfFailed":false,"type":"TEST_STEP","name":"Statement - dataValues \u003d CustomKeywords.function.CheckPoints.splitData(Testcaseindex, DataLength)","message":"function.CheckPoints.splitData is PASSED","description":"Custom keyword used for split and getting the maximum length for the InputData cell from the Testcase sheet","startTime":1529067005963,"endTime":1529067006106,"childRecords":[{"testStatus":{"stackTrace":"","statusValue":"PASSED"},"type":"MESSAGE","name":"","message":"function.CheckPoints.splitData is PASSED","startTime":1529067006105,"endTime":0,"childRecords":[],"interuppted":false}],"interuppted":false},{"index":3,"isIgnoredIfFailed":false,"type":"TEST_STEP","name":"Statement - println(DATA:$dataValues)","description":"","startTime":1529067006107,"endTime":1529067006114,"childRecords":[],"interuppted":false},{"index":4,"isIgnoredIfFailed":false,"type":"TEST_STEP","name":"Statement - For ([getSplitedData \u003d 0, getSplitedData \u003c dataValues, (getSplitedData++)])","message":"java.io.FileNotFoundException: E:\\Rajesh\\Appium\\vishnu\\LAstUpdteBK\\Frame.xlsx (The process cannot access the file because it is being used by another process)","description":"Looping for N- no.of input for InputData cell from the Testcase sheet","startTime":1529067006115,"endTime":1529067007962,"childRecords":[{"index":1,"isIgnoredIfFailed":false,"type":"TEST_STEP","name":"Statement - endPoint \u003d \"continue\"","description":"","startTime":1529067006119,"endTime":1529067006121,"childRecords":[],"interuppted":false},{"index":2,"isIgnoredIfFailed":false,"type":"TEST_STEP","name":"Statement - println(getSplitedData:$getSplitedData)","description":"","startTime":1529067006122,"endTime":1529067006124,"childRecords":[],"interuppted":false},{"index":3,"isIgnoredIfFailed":false,"type":"TEST_STEP","name":"Statement - index \u003d Testcaseindex","description":"","startTime":1529067006124,"endTime":1529067006127,"childRecords":[],"interuppted":false},{"index":4,"isIgnoredIfFailed":false,"type":"TEST_STEP","name":"Statement - For ([index, endPoint !\u003d \"BreakNow\", (index++)])","message":"java.io.FileNotFoundException: E:\\Rajesh\\Appium\\vishnu\\LAstUpdteBK\\Frame.xlsx (The process cannot access the file because it is being used by another process)","description":"Looping for the Application Scenario to run sequentially","startTime":1529067006129,"endTime":1529067007962,"childRecords":[{"index":1,"isIgnoredIfFailed":false,"type":"TEST_STEP","name":"Statement - println(index:$index)","description":"","startTime":1529067006132,"endTime":1529067006136,"childRecords":[],"interuppted":false},{"index":2,"isIgnoredIfFailed":false,"type":"TEST_STEP","name":"Statement - testDatas \u003d index + 1","description":"","startTime":1529067006136,"endTime":1529067006138,"childRecords":[],"interuppted":false},{"index":3,"isIgnoredIfFailed":false,"type":"TEST_STEP","name":"Statement - UserActions \u003d Testcases.getValue(\"UserAction\", testDatas)","description":"Getting the UserAction Data from Testcase sheet","startTime":1529067006139,"endTime":1529067006141,"childRecords":[],"interuppted":false},{"index":4,"isIgnoredIfFailed":false,"type":"TEST_STEP","name":"Statement - fieldType \u003d Testcases.getValue(\"FieldType\", testDatas)","description":"Getting the FieldType Data from Testcase sheet","startTime":1529067006142,"endTime":1529067006144,"childRecords":[],"interuppted":false},{"index":5,"isIgnoredIfFailed":false,"type":"TEST_STEP","name":"Statement - println(fieldType:$fieldType)","description":"","startTime":1529067006145,"endTime":1529067006148,"childRecords":[],"interuppted":false},{"index":6,"isIgnoredIfFailed":false,"type":"TEST_STEP","name":"Statement - locatorType \u003d Testcases.getValue(\"LocatorType\", testDatas)","description":"Getting the LocatorType Data from Testcase sheet","startTime":1529067006149,"endTime":1529067006150,"childRecords":[],"interuppted":false},{"index":7,"isIgnoredIfFailed":false,"type":"TEST_STEP","name":"Statement - println(LocatorType:$locatorType)","description":"","startTime":1529067006150,"endTime":1529067006151,"childRecords":[],"interuppted":false},{"index":8,"isIgnoredIfFailed":false,"type":"TEST_STEP","name":"Statement - attributeValue \u003d Testcases.getValue(\"AttributeValue\", testDatas)","description":"Getting the AttributeValue Data from Testcase sheet","startTime":1529067006152,"endTime":1529067006153,"childRecords":[],"interuppted":false},{"index":9,"isIgnoredIfFailed":false,"type":"TEST_STEP","name":"Statement - locatorValue \u003d Testcases.getValue(\"LocatorValue\", testDatas)","description":"Getting the LocatorValue Data from Testcase sheet","startTime":1529067006153,"endTime":1529067006154,"childRecords":[],"interuppted":false},{"index":10,"isIgnoredIfFailed":false,"type":"TEST_STEP","name":"Statement - println(LocatorValue:$locatorValue)","description":"","startTime":1529067006155,"endTime":1529067006156,"childRecords":[],"interuppted":false},{"index":11,"isIgnoredIfFailed":false,"type":"TEST_STEP","name":"Statement - TestData \u003d Testcases.getValue(\"TestData\", testDatas)","description":"Getting the TestData Data from Testcase sheet","startTime":1529067006157,"endTime":1529067006158,"childRecords":[],"interuppted":false},{"index":12,"isIgnoredIfFailed":false,"type":"TEST_STEP","name":"Statement - println(TestData:$TestData)","description":"","startTime":1529067006158,"endTime":1529067006160,"childRecords":[],"interuppted":false},{"index":13,"isIgnoredIfFailed":false,"type":"TEST_STEP","name":"Statement - validationData \u003d Testcases.getValue(\"validationInput\", testDatas)","description":"Getting the validationInput Data from Testcase sheet","startTime":1529067006160,"endTime":1529067006164,"childRecords":[],"interuppted":false},{"index":14,"isIgnoredIfFailed":false,"type":"TEST_STEP","name":"Statement - println(validationData:$validationData)","description":"","startTime":1529067006164,"endTime":1529067006165,"childRecords":[],"interuppted":false},{"index":15,"isIgnoredIfFailed":false,"type":"TEST_STEP","name":"Statement - result \u003d \u003cnot implemented yet for class: org.codehaus.groovy.ast.expr.EmptyExpression\u003e","description":"","startTime":1529067006166,"endTime":1529067006166,"childRecords":[],"interuppted":false},{"index":16,"isIgnoredIfFailed":false,"type":"TEST_STEP","name":"Statement - println(getSplitedDatainside:$getSplitedData)","description":"","startTime":1529067006167,"endTime":1529067006168,"childRecords":[],"interuppted":false},{"index":17,"isIgnoredIfFailed":false,"type":"TEST_STEP","name":"Statement - TestDataSplited \u003d TestData.split(\":\")","description":"Splitting the Multiple Input data","startTime":1529067006168,"endTime":1529067006170,"childRecords":[],"interuppted":false},{"index":18,"isIgnoredIfFailed":false,"type":"TEST_STEP","name":"Statement - assignValue \u003d \u003cnot implemented yet for class: org.codehaus.groovy.ast.expr.EmptyExpression\u003e","description":"","startTime":1529067006171,"endTime":1529067006172,"childRecords":[],"interuppted":false},{"index":19,"isIgnoredIfFailed":false,"type":"TEST_STEP","name":"Statement - If (getSplitedData \u003c TestDataSplited.size())","description":"Splitted Data assigning to the assignValue variable","startTime":1529067006172,"endTime":1529067006180,"childRecords":[{"index":1,"isIgnoredIfFailed":false,"type":"TEST_STEP","name":"Statement - assignValue \u003d TestDataSplited[getSplitedData]","description":"","startTime":1529067006174,"endTime":1529067006180,"childRecords":[],"interuppted":false}],"interuppted":false},{"index":20,"isIgnoredIfFailed":false,"type":"TEST_STEP","name":"Statement - switch (UserActions)","message":"java.io.FileNotFoundException: E:\\Rajesh\\Appium\\vishnu\\LAstUpdteBK\\Frame.xlsx (The process cannot access the file because it is being used by another process)","description":"Switch case used to run Scenario sequentially","startTime":1529067006181,"endTime":1529067007962,"childRecords":[{"index":3,"isIgnoredIfFailed":false,"type":"TEST_STEP","name":"Statement - case \"Text\":","message":"java.io.FileNotFoundException: E:\\Rajesh\\Appium\\vishnu\\LAstUpdteBK\\Frame.xlsx (The process cannot access the file because it is being used by another process)","description":"","startTime":1529067006181,"endTime":1529067007962,"childRecords":[{"index":1,"isIgnoredIfFailed":false,"type":"TEST_STEP","name":"Statement - switch (fieldType)","message":"java.io.FileNotFoundException: E:\\Rajesh\\Appium\\vishnu\\LAstUpdteBK\\Frame.xlsx (The process cannot access the file because it is being used by another process)","description":"","startTime":1529067006182,"endTime":1529067007962,"childRecords":[{"index":1,"isIgnoredIfFailed":false,"type":"TEST_STEP","name":"Statement - case \"TextBox\":","message":"java.io.FileNotFoundException: E:\\Rajesh\\Appium\\vishnu\\LAstUpdteBK\\Frame.xlsx (The process cannot access the file because it is being used by another process)","description":"","startTime":1529067006183,"endTime":1529067007962,"childRecords":[{"index":1,"isIgnoredIfFailed":false,"type":"TEST_STEP","name":"Statement - Try","message":"java.io.FileNotFoundException: E:\\Rajesh\\Appium\\vishnu\\LAstUpdteBK\\Frame.xlsx (The process cannot access the file because it is being used by another process)","description":"","startTime":1529067006184,"endTime":1529067007820,"childRecords":[{"index":1,"isIgnoredIfFailed":false,"type":"TEST_STEP","name":"Statement - java.lang.Thread.sleep(1000)","description":"","startTime":1529067006186,"endTime":1529067007196,"childRecords":[],"interuppted":false},{"index":2,"isIgnoredIfFailed":false,"type":"TEST_STEP","name":"Statement - titletxtBox \u003d CustomKeywords.function.CheckPoints.getLocator(driver, locatorType, locatorValue)","message":"function.CheckPoints.getLocator is PASSED","description":"Custom keyword for combining the Locator Value and Locator Type for Delete functionality","startTime":1529067007197,"endTime":1529067007295,"childRecords":[{"testStatus":{"stackTrace":"","statusValue":"PASSED"},"type":"MESSAGE","name":"","message":"function.CheckPoints.getLocator is PASSED","startTime":1529067007294,"endTime":0,"childRecords":[],"interuppted":false}],"interuppted":false},{"index":3,"isIgnoredIfFailed":false,"type":"TEST_STEP","name":"Statement - If (CustomKeywords.function.CheckPoints.Textbox(driver, titletxtBox, assignValue, result).booleanValue() \u003d\u003d true)","message":"java.io.FileNotFoundException: E:\\Rajesh\\Appium\\vishnu\\LAstUpdteBK\\Frame.xlsx (The process cannot access the file because it is being used by another process)","description":"Custom keyword : Boolean value for TextBox Functionality Pass","startTime":1529067007295,"endTime":1529067007820,"childRecords":[{"testStatus":{"stackTrace":"","statusValue":"PASSED"},"type":"MESSAGE","name":"","message":"function.CheckPoints.Textbox is PASSED","startTime":1529067007558,"endTime":0,"childRecords":[],"interuppted":false},{"index":1,"isIgnoredIfFailed":false,"type":"TEST_STEP","name":"Statement - println(\"TextBox pass\")","description":"","startTime":1529067007563,"endTime":1529067007564,"childRecords":[],"interuppted":false},{"index":2,"isIgnoredIfFailed":false,"type":"TEST_STEP","name":"function.CheckPoints.WriteToExcelPass","message":"java.io.FileNotFoundException: E:\\Rajesh\\Appium\\vishnu\\LAstUpdteBK\\Frame.xlsx (The process cannot access the file because it is being used by another process)","description":"Write Pass Status in the Excel Sheet","startTime":1529067007564,"endTime":1529067007820,"childRecords":[{"testStatus":{"stackTrace":"","statusValue":"ERROR"},"type":"MESSAGE","name":"","message":"java.io.FileNotFoundException: E:\\Rajesh\\Appium\\vishnu\\LAstUpdteBK\\Frame.xlsx (The process cannot access the file because it is being used by another process)","startTime":1529067007819,"endTime":0,"childRecords":[],"interuppted":false}],"interuppted":false}],"interuppted":false}],"interuppted":false},{"index":2,"isIgnoredIfFailed":false,"type":"TEST_STEP","name":"Statement - Catch (Exception e)","message":"java.io.FileNotFoundException: E:\\Rajesh\\Appium\\vishnu\\LAstUpdteBK\\Frame.xlsx (The process cannot access the file because it is being used by another process)","description":"","startTime":1529067007820,"endTime":1529067007962,"childRecords":[{"index":1,"isIgnoredIfFailed":false,"type":"TEST_STEP","name":"Statement - println(exceptione:$e)","description":"","startTime":1529067007822,"endTime":1529067007825,"childRecords":[],"interuppted":false},{"index":2,"isIgnoredIfFailed":false,"type":"TEST_STEP","name":"function.CheckPoints.WriteToExcelFail","message":"java.io.FileNotFoundException: E:\\Rajesh\\Appium\\vishnu\\LAstUpdteBK\\Frame.xlsx (The process cannot access the file because it is being used by another process)","description":"Write in the Excel Sheet : Run Time Error for TextBox Functionality","startTime":1529067007826,"endTime":1529067007961,"childRecords":[{"testStatus":{"stackTrace":"","statusValue":"ERROR"},"type":"MESSAGE","name":"","message":"java.io.FileNotFoundException: E:\\Rajesh\\Appium\\vishnu\\LAstUpdteBK\\Frame.xlsx (The process cannot access the file because it is being used by another process)","startTime":1529067007959,"endTime":0,"childRecords":[],"interuppted":false}],"interuppted":false}],"interuppted":false}],"interuppted":false}],"interuppted":false}],"interuppted":false}],"interuppted":false}],"interuppted":false}],"interuppted":false}],"interuppted":false}],"interuppted":false},{"index":10,"isIgnoredIfFailed":false,"type":"TEST_STEP","name":"Statement - Catch (Exception e)","message":"java.io.FileNotFoundException: E:\\Rajesh\\Appium\\vishnu\\LAstUpdteBK\\Frame.xlsx (The process cannot access the file because it is being used by another process)","description":"","startTime":1529067007962,"endTime":1529067008132,"childRecords":[{"index":1,"isIgnoredIfFailed":false,"type":"TEST_STEP","name":"Statement - println(exceptione:$e)","description":"","startTime":1529067007978,"endTime":1529067007978,"childRecords":[],"interuppted":false},{"index":2,"isIgnoredIfFailed":false,"type":"TEST_STEP","name":"function.CheckPoints.WriteToExcelFail","message":"java.io.FileNotFoundException: E:\\Rajesh\\Appium\\vishnu\\LAstUpdteBK\\Frame.xlsx (The process cannot access the file because it is being used by another process)","description":"Write in the Excel Sheet : Run Time Error","startTime":1529067007978,"endTime":1529067008129,"childRecords":[{"testStatus":{"stackTrace":"","statusValue":"ERROR"},"type":"MESSAGE","name":"","message":"java.io.FileNotFoundException: E:\\Rajesh\\Appium\\vishnu\\LAstUpdteBK\\Frame.xlsx (The process cannot access the file because it is being used by another process)","startTime":1529067008129,"endTime":0,"childRecords":[],"interuppted":false}],"interuppted":false}],"interuppted":false}],"interuppted":false}],"interuppted":false}],"interuppted":false},{"testStatus":{"stackTrace":"","statusValue":"ERROR"},"type":"MESSAGE","name":"","message":"Test Cases/Framework/Framing FAILED because (of) org.codehaus.groovy.runtime.InvokerInvocationException: java.io.FileNotFoundException: E:\\Rajesh\\Appium\\vishnu\\LAstUpdteBK\\Frame.xlsx (The process cannot access the file because it is being used by another process)","startTime":1529067008132,"endTime":0,"childRecords":[],"interuppted":false}],"interuppted":false}],"interuppted":false}