Suite/Test/Step Name,Browser,Description,Start time,End time,Duration,Status
FrameworkSuite,Chrome 67.0.3396.87,,2018-06-15 18:25:52,2018-06-15 18:28:15,2m - 22.483s,PASSED
,,,,,,
Test Cases/Framework/Framing,Chrome 67.0.3396.87,,2018-06-15 18:25:53,2018-06-15 18:28:15,2m - 21.978s,PASSED
openBrowser,Chrome 67.0.3396.87,,2018-06-15 18:25:54,2018-06-15 18:25:58,3.848s,PASSED
Statement - loginData = com.kms.katalon.core.testdata.TestDataFactory.findTestData(Data Files/Framework/Configuration),Chrome 67.0.3396.87,Getting the Login sheet Data from Data files,2018-06-15 18:25:58,2018-06-15 18:25:59,1.013s,PASSED
"Statement - url = loginData.getValue(""URL"", 1)",Chrome 67.0.3396.87,Getting the Url Data from Testcase sheet,2018-06-15 18:25:59,2018-06-15 18:25:59,0.024s,PASSED
navigateToUrl,Chrome 67.0.3396.87,Navigate the URL,2018-06-15 18:25:59,2018-06-15 18:25:59,0.423s,PASSED
Statement - driver = com.kms.katalon.core.webui.driver.DriverFactory.getWebDriver(),Chrome 67.0.3396.87,,2018-06-15 18:25:59,2018-06-15 18:25:59,0.014s,PASSED
Statement - Configuration = com.kms.katalon.core.testdata.TestDataFactory.findTestData(Data Files/Framework/Configuration),Chrome 67.0.3396.87,Getting the Configuration sheet Data from Data files,2018-06-15 18:25:59,2018-06-15 18:26:00,0.155s,PASSED
Statement - Testcases = com.kms.katalon.core.testdata.TestDataFactory.findTestData(Data Files/Framework/TestCase),Chrome 67.0.3396.87,Getting the Testcase sheet Data from Data files,2018-06-15 18:26:00,2018-06-15 18:26:00,0.100s,PASSED
Statement - Testcaseindex = 1,Chrome 67.0.3396.87,,2018-06-15 18:26:00,2018-06-15 18:26:00,0.002s,PASSED
"Statement - endPoint = ""Start""",Chrome 67.0.3396.87,,2018-06-15 18:26:00,2018-06-15 18:26:00,0.001s,PASSED
Statement - moduleName = <not implemented yet for class: org.codehaus.groovy.ast.expr.EmptyExpression>,Chrome 67.0.3396.87,,2018-06-15 18:26:00,2018-06-15 18:26:00,0.001s,PASSED
Statement - getTestColumn = new java.util.ArrayList(),Chrome 67.0.3396.87,,2018-06-15 18:26:00,2018-06-15 18:26:00,0.002s,PASSED
Statement - getSplitData = new java.util.ArrayList(),Chrome 67.0.3396.87,,2018-06-15 18:26:00,2018-06-15 18:26:00,0.001s,PASSED
"Statement - For ([getConfigData = 1, getConfigData <= Configuration.getRowNumbers(), (getConfigData++)])",Chrome 67.0.3396.87,Looping for N- no.of input from Configuration sheet,2018-06-15 18:26:00,2018-06-15 18:28:15,2m - 15.260s,PASSED
