Suite/Test/Step Name,Browser,Description,Start time,End time,Duration,Status
FrameworkSuite,Chrome 67.0.3396.87,,2018-06-15 18:13:05,2018-06-15 18:13:16,11.146s,PASSED
,,,,,,
Test Cases/Framework/Framing,Chrome 67.0.3396.87,,2018-06-15 18:13:05,2018-06-15 18:13:16,10.736s,PASSED
openBrowser,Chrome 67.0.3396.87,,2018-06-15 18:13:06,2018-06-15 18:13:10,4.007s,PASSED
Statement - loginData = com.kms.katalon.core.testdata.TestDataFactory.findTestData(Data Files/Framework/Configuration),Chrome 67.0.3396.87,Getting the Login sheet Data from Data files,2018-06-15 18:13:10,2018-06-15 18:13:11,0.966s,PASSED
"Statement - url = loginData.getValue(""URL"", 1)",Chrome 67.0.3396.87,Getting the Url Data from Testcase sheet,2018-06-15 18:13:11,2018-06-15 18:13:11,0.021s,PASSED
navigateToUrl,Chrome 67.0.3396.87,Navigate the URL,2018-06-15 18:13:11,2018-06-15 18:13:12,0.964s,PASSED
Statement - driver = com.kms.katalon.core.webui.driver.DriverFactory.getWebDriver(),Chrome 67.0.3396.87,,2018-06-15 18:13:12,2018-06-15 18:13:12,0.014s,PASSED
Statement - Configuration = com.kms.katalon.core.testdata.TestDataFactory.findTestData(Data Files/Framework/Configuration),Chrome 67.0.3396.87,Getting the Configuration sheet Data from Data files,2018-06-15 18:13:12,2018-06-15 18:13:13,0.132s,PASSED
Statement - Testcases = com.kms.katalon.core.testdata.TestDataFactory.findTestData(Data Files/Framework/TestCase),Chrome 67.0.3396.87,Getting the Testcase sheet Data from Data files,2018-06-15 18:13:13,2018-06-15 18:13:13,0.152s,PASSED
Statement - Testcaseindex = 1,Chrome 67.0.3396.87,,2018-06-15 18:13:13,2018-06-15 18:13:13,0.001s,PASSED
"Statement - endPoint = ""Start""",Chrome 67.0.3396.87,,2018-06-15 18:13:13,2018-06-15 18:13:13,0.002s,PASSED
Statement - moduleName = <not implemented yet for class: org.codehaus.groovy.ast.expr.EmptyExpression>,Chrome 67.0.3396.87,,2018-06-15 18:13:13,2018-06-15 18:13:13,0.001s,PASSED
Statement - getTestColumn = new java.util.ArrayList(),Chrome 67.0.3396.87,,2018-06-15 18:13:13,2018-06-15 18:13:13,0.001s,PASSED
Statement - getSplitData = new java.util.ArrayList(),Chrome 67.0.3396.87,,2018-06-15 18:13:13,2018-06-15 18:13:13,0.001s,PASSED
"Statement - For ([getConfigData = 1, getConfigData <= Configuration.getRowNumbers(), (getConfigData++)])",Chrome 67.0.3396.87,Looping for N- no.of input from Configuration sheet,2018-06-15 18:13:13,2018-06-15 18:13:16,3.420s,PASSED
