Suite/Test/Step Name,Browser,Description,Start time,End time,Duration,Status
FrameworkSuite,Chrome 67.0.3396.87,,2018-06-15 16:42:54,2018-06-15 16:45:27,2m - 33.166s,PASSED
,,,,,,
Test Cases/Framework/Framing,Chrome 67.0.3396.87,,2018-06-15 16:42:55,2018-06-15 16:45:27,2m - 32.238s,PASSED
openBrowser,Chrome 67.0.3396.87,,2018-06-15 16:42:56,2018-06-15 16:43:05,8.788s,PASSED
Statement - loginData = com.kms.katalon.core.testdata.TestDataFactory.findTestData(Data Files/Framework/Configuration),Chrome 67.0.3396.87,Getting the Login sheet Data from Data files,2018-06-15 16:43:05,2018-06-15 16:43:08,3.059s,PASSED
"Statement - url = loginData.getValue(""URL"", 1)",Chrome 67.0.3396.87,Getting the Url Data from Testcase sheet,2018-06-15 16:43:08,2018-06-15 16:43:08,0.174s,PASSED
navigateToUrl,Chrome 67.0.3396.87,Navigate the URL,2018-06-15 16:43:08,2018-06-15 16:43:09,0.917s,PASSED
Statement - driver = com.kms.katalon.core.webui.driver.DriverFactory.getWebDriver(),Chrome 67.0.3396.87,,2018-06-15 16:43:09,2018-06-15 16:43:09,0.170s,PASSED
Statement - Configuration = com.kms.katalon.core.testdata.TestDataFactory.findTestData(Data Files/Framework/Configuration),Chrome 67.0.3396.87,Getting the Configuration sheet Data from Data files,2018-06-15 16:43:09,2018-06-15 16:43:09,0.087s,PASSED
Statement - Testcases = com.kms.katalon.core.testdata.TestDataFactory.findTestData(Data Files/Framework/TestCase),Chrome 67.0.3396.87,Getting the Testcase sheet Data from Data files,2018-06-15 16:43:09,2018-06-15 16:43:09,0.084s,PASSED
Statement - Testcaseindex = 1,Chrome 67.0.3396.87,,2018-06-15 16:43:09,2018-06-15 16:43:09,0.001s,PASSED
"Statement - endPoint = ""Start""",Chrome 67.0.3396.87,,2018-06-15 16:43:10,2018-06-15 16:43:10,0.001s,PASSED
Statement - moduleName = <not implemented yet for class: org.codehaus.groovy.ast.expr.EmptyExpression>,Chrome 67.0.3396.87,,2018-06-15 16:43:10,2018-06-15 16:43:10,0.001s,PASSED
Statement - getTestColumn = new java.util.ArrayList(),Chrome 67.0.3396.87,,2018-06-15 16:43:10,2018-06-15 16:43:10,0.001s,PASSED
Statement - getSplitData = new java.util.ArrayList(),Chrome 67.0.3396.87,,2018-06-15 16:43:10,2018-06-15 16:43:10,0.001s,PASSED
"Statement - For ([getConfigData = 1, getConfigData <= Configuration.getRowNumbers(), (getConfigData++)])",Chrome 67.0.3396.87,Looping for N- no.of input from Configuration sheet,2018-06-15 16:43:10,2018-06-15 16:45:27,2m - 17.296s,PASSED
