Suite/Test/Step Name,Browser,Description,Start time,End time,Duration,Status
FrameworkSuite,Chrome 67.0.3396.87,,2018-06-15 18:20:38,2018-06-15 18:23:00,2m - 22.090s,PASSED
,,,,,,
Test Cases/Framework/Framing,Chrome 67.0.3396.87,,2018-06-15 18:20:39,2018-06-15 18:23:00,2m - 21.673s,PASSED
openBrowser,Chrome 67.0.3396.87,,2018-06-15 18:20:40,2018-06-15 18:20:43,3.647s,PASSED
Statement - loginData = com.kms.katalon.core.testdata.TestDataFactory.findTestData(Data Files/Framework/Configuration),Chrome 67.0.3396.87,Getting the Login sheet Data from Data files,2018-06-15 18:20:43,2018-06-15 18:20:44,0.953s,PASSED
"Statement - url = loginData.getValue(""URL"", 1)",Chrome 67.0.3396.87,Getting the Url Data from Testcase sheet,2018-06-15 18:20:44,2018-06-15 18:20:44,0.018s,PASSED
navigateToUrl,Chrome 67.0.3396.87,Navigate the URL,2018-06-15 18:20:44,2018-06-15 18:20:45,1.053s,PASSED
Statement - driver = com.kms.katalon.core.webui.driver.DriverFactory.getWebDriver(),Chrome 67.0.3396.87,,2018-06-15 18:20:45,2018-06-15 18:20:45,0.014s,PASSED
Statement - Configuration = com.kms.katalon.core.testdata.TestDataFactory.findTestData(Data Files/Framework/Configuration),Chrome 67.0.3396.87,Getting the Configuration sheet Data from Data files,2018-06-15 18:20:45,2018-06-15 18:20:45,0.135s,PASSED
Statement - Testcases = com.kms.katalon.core.testdata.TestDataFactory.findTestData(Data Files/Framework/TestCase),Chrome 67.0.3396.87,Getting the Testcase sheet Data from Data files,2018-06-15 18:20:45,2018-06-15 18:20:46,0.105s,PASSED
Statement - Testcaseindex = 1,Chrome 67.0.3396.87,,2018-06-15 18:20:46,2018-06-15 18:20:46,0.002s,PASSED
"Statement - endPoint = ""Start""",Chrome 67.0.3396.87,,2018-06-15 18:20:46,2018-06-15 18:20:46,0.002s,PASSED
Statement - moduleName = <not implemented yet for class: org.codehaus.groovy.ast.expr.EmptyExpression>,Chrome 67.0.3396.87,,2018-06-15 18:20:46,2018-06-15 18:20:46,0.002s,PASSED
Statement - getTestColumn = new java.util.ArrayList(),Chrome 67.0.3396.87,,2018-06-15 18:20:46,2018-06-15 18:20:46,0.001s,PASSED
Statement - getSplitData = new java.util.ArrayList(),Chrome 67.0.3396.87,,2018-06-15 18:20:46,2018-06-15 18:20:46,0.002s,PASSED
"Statement - For ([getConfigData = 1, getConfigData <= Configuration.getRowNumbers(), (getConfigData++)])",Chrome 67.0.3396.87,Looping for N- no.of input from Configuration sheet,2018-06-15 18:20:46,2018-06-15 18:23:00,2m - 14.722s,PASSED
